,0,1
0,-0.012864522133540389,-0.014809832326406498
1,-0.012492517022617507,0.010965864729545709
2,0.004962132111564593,-0.00617698438455772
3,-0.006727315316127502,-0.021363296249888968
4,-0.008876359320815428,-0.015645963668372502
5,-0.00823440473375968,-0.013891712707261137
6,0.046780149859212326,0.017756689701991485
7,0.01788398845266055,-0.006659509685466912
8,0.010477671498299196,-0.01751991150522145
9,-0.02283056343837715,0.0071298242976968575
10,-0.022488259221395936,0.012034037418320744
11,-0.004135774658715028,0.015741900614125753
12,-0.025422309254360478,0.017745895078876996
13,0.008638809206235753,0.008243627025292955
14,-0.01551852308507144,0.0019491252469611222
15,-0.00975184450385632,0.011008894141185967
16,-0.009180836318620177,0.006465176943423512
17,-0.007967393354074275,-0.015847480824301513
18,0.0025936334978589872,0.008729364707892753
19,-0.016836556324385563,0.023248329205545724
20,-0.01760039454373583,0.0007747674792989615
21,-0.01884470470553569,0.005904836861745009
22,-0.003037787538324012,0.023621190796723476
23,-0.019314132490760912,-0.011272354344512063
24,-0.009946176145527957,0.0024296082552613335
25,-0.007691672890056184,-0.009102255528239794
26,0.052135521702837015,0.00246518076388561
27,0.0023508686549355436,-0.016256041687343764
28,-0.021833864632092286,0.0021751672307444587
29,0.0014477765677414973,-0.02711582816268522
30,-0.010516967993432318,-0.009288556963683475
31,0.049554901770668854,0.0021186155234923522
32,-0.02207450031025526,0.01530969237653995
33,0.022874894979785648,-0.009114434885347857
34,-0.0008183741473150148,0.002619979453727802
35,-0.011089986971324023,-0.0021294231524437756
36,-0.009118054916971874,-0.012017826216587785
37,0.002962744485535566,-0.02151662451060887
38,-0.01583511438957911,0.0016862933701890044
39,-0.017361555057617464,0.01329320285316939
40,0.00938324462872035,-0.01937468289591885
41,0.016851502811230983,-0.005348609876517167
42,0.015498492416404634,-0.0018701099550406748
43,-0.006846274063457711,0.009771571802417996
44,-0.020627628932663563,0.02357431823544947
45,-0.008343291736872262,-0.007853412184469666
46,0.0036761211485716897,-0.004005283693980296
47,-0.003096038276527333,0.02064350239752355
48,-0.020834356889178472,0.011078621853759199
49,-0.011484987977506257,-0.009852247014168295
50,-0.009863467736501636,-0.015621355755564344
51,-0.00947131198227668,0.007777074341156454
52,-0.005952902265891721,0.004265603303899184
53,-0.014914931249014541,0.006566317082509281
54,0.012543988480109708,-0.00613996656126112
55,-0.019618722869343897,0.02388166267330416
56,-0.013789085634883264,-0.0136580059749467
57,-0.016506601137474278,-0.005042396560099464
58,0.013560986499193267,0.00022375311088996768
59,-0.020185386423508957,-0.008727945590821847
60,-0.02055707277947316,0.012574713154165253
61,0.04939587170478342,0.018571292750214703
62,-0.0032147612441872624,-0.0031746150105353738
63,-0.016895065371203426,-0.008505045931918807
64,-0.003041858386527162,-0.01627331581654586
65,0.004500579836580465,-0.019082361660135386
66,-0.01033528674090619,-0.016651138235635944
67,-0.0053135473676857335,-0.0033180288325448857
68,0.002338222528412749,-0.017984473044819
69,0.011016968480874141,0.0027258390848747477
70,-0.018431378437132113,0.01007972742984797
71,-0.0175777813426589,0.006416057421888512
72,-0.021373778855302276,0.00870230427846921
73,-0.00879460305538173,0.007379292245251202
74,-0.023696029633560947,0.008650979855208305
75,0.000992237726915525,-0.021812983321634782
76,-0.007587853347000286,-0.02255324709601755
77,-0.005997190013885033,-0.0010831236604984355
78,-0.010969948843207733,0.00224671706333768
79,-0.014296932426727553,0.010425192315895154
80,-0.0028910230538454584,-0.002533930402335252
81,-0.017226476690561324,0.0027112432573623752
82,-0.010671227327509481,-0.02073161430401301
83,0.001757015638607175,-0.021615545291834584
84,0.010668884747365747,-0.018919170056971947
85,-0.0002698145673611711,0.01135110402238724
86,-0.011142602271038022,-0.0013378032671270358
87,0.010005276854905402,-0.022625616497855407
88,0.002572427512740689,-0.007602153722438085
89,-0.02260159068212157,0.006330891175901003
90,-0.0055705945807656395,0.013276652956087555
91,-0.008805868676363932,-0.02131367322135054
92,0.011045825757007601,0.0034029046180768137
93,0.002183314429635704,-0.005920217725551926
94,-0.020875314699633354,0.006429723267556004
95,-0.0165443342201661,0.022639406979717124
96,-0.01412454439605037,-0.0014943505509234262
97,-0.005874941483824205,0.020506411015870227
98,-0.018154080202496557,-0.010426087657087836
99,0.010543763822029121,-0.021598807634668444
100,-0.011927553932218194,0.0067026020704108605
101,-0.005434399882773111,-0.001493141732737264
102,-0.00393800725792546,0.016825539435510583
103,-0.009708074103088563,0.0070085209132356024
104,-0.017996737510422117,0.02461675697769944
105,-0.002246672348464085,-0.004560279455518383
106,-0.023068655750466946,-0.0003515438367624458
107,-0.022625540250673364,-0.008456021780984225
108,-0.0003734941359888048,0.019719633998072368
109,-0.004184175876280601,-0.017157489554060636
110,0.01194847430409356,-0.0007701344531736014
111,-0.022775206666849526,0.008472368595682936
112,0.046659019914976986,0.020912125945608324
113,-0.023364500797712212,0.01394389836914643
114,-0.003636410561076413,-0.003075045929691707
115,0.0016930002776011615,-0.01555698394478229
116,-0.005821755721484389,-0.024492835626018002
117,0.04747454596569482,0.01696672109972762
118,-0.004890044148037216,0.021747526814027085
119,-0.004242675488995674,-0.01335761308458632
120,-0.012118396560769037,-0.0164117551712404
121,-0.01845578945696091,0.0037480363508291697
122,0.009470024568405563,-0.02242159570933819
123,-0.019200623349537024,0.0010061027392351159
124,-0.012707598349356699,0.0029304676334511613
125,-0.012201670518742455,-0.006237762672425948
126,0.04616121549867879,0.020603537748059644
127,0.003257542911071598,-0.02615911022264307
128,0.009499649685615051,0.0017346782373502743
129,0.0049400842822223045,-0.018244238552392867
130,0.0456634762540198,0.012912728136393256
131,-0.010307704719365894,0.004768985314294307
132,0.0067352598855965964,-0.0033978530325076014
133,0.05148272185006669,0.01840458676702795
134,0.04218595055370649,0.020153166102566854
135,-0.010126011907658473,-0.01971851146541426
136,-0.013657361551642995,0.009789402198363311
137,0.008546831531292676,-0.018161072652619493
138,0.0023966396622042674,0.013276905613695012
139,0.006304083404193702,-0.016317731523108718
140,-0.018855209198116136,-0.0007132456079640149
141,-0.0196675280947084,-0.006864280605989365
142,0.009835115920090157,0.0039954550268649835
143,-0.024318507790408176,-0.005625045153687577
144,-0.012054577899270141,0.00909359370116309
145,-0.007228529174690593,-0.021507985367526353
146,-0.008375558838784254,0.009043224216648207
147,-0.012148559575509638,0.005050264412128211
148,0.007292152467726526,-0.004893063407051197
149,0.007830050610909262,-0.02520858516491136
150,0.006783415086319335,0.018841740132132377
151,0.009158344781997186,-0.021444566501614568
152,-0.0026173725639759525,0.02342882058138303
153,-0.009662611435275463,0.012099062110286211
154,-0.02454503163873811,0.003319465155962549
155,-0.011843818917333705,-0.008818253535710703
156,0.014043677433915365,-0.025858309150751806
157,0.009209158958305277,-0.02298671351285805
158,0.054633456025710944,0.003908620547701928
159,0.002223720828951298,-0.011357309329009609
160,-0.0032796047029349366,0.023407901157274924
161,0.0019460481370058933,-0.028802793959800375
162,-0.011969413107484225,0.01417178807206351
163,-0.004259953109343714,-0.014159698763789077
164,-0.012137584538707483,-0.016602023920164122
165,-0.016450852572641568,0.00778170608093746
166,-0.004287220429286504,0.012297666460560323
167,-0.014596597681325738,-0.011307751131553566
168,-0.011215072786499488,-0.015950286972069225
169,-0.01759798266551029,0.017753271300696538
170,0.035517344049574504,0.014700519238250616
171,-0.002346082083878942,-0.0013142234747166338
172,-0.02060537054543414,0.02039019446809419
173,-0.01564198143561757,0.012992823690462525
174,0.004121597025344361,-0.014192651252900689
175,0.0011100222144336657,0.013909885994317198
176,-0.006090599264034825,-0.0011367216176196746
177,-0.016977944538462224,-0.002006295238740419
178,0.04636001474228725,0.009537050616303822
179,-0.010210778876098472,-0.012327644599665205
180,-0.01149144519133575,-0.01069583941839999
181,-0.00406197705793717,0.01042374968188754
182,-0.021855800879414397,0.003570277164888412
183,0.05000069514536561,0.021040697125856253
184,0.003652559618434474,-0.018231167438858463
185,0.0017706433308502416,0.02337164296060852
186,0.055399591775690815,0.008251927366333324
187,0.05466518451405155,0.015182209530697587
188,0.008717583763162853,-0.02570021187283234
189,-0.0034579853627376223,-0.0020914595675986334
190,0.04353172724686902,0.018719773226135883
191,0.04112500620685967,0.0191106278228745
192,-0.018522711489114132,0.00013203596170821227
193,-0.01328925615825013,0.0019262687451990469
194,0.0047390444972054595,0.004353626501284792
195,-0.001455453329943827,0.02510663168479568
196,0.004313184708420135,0.01349361435965829
197,0.007302984148248931,-0.020061133285874187
198,-0.009044304379763448,-0.015506634095574208
199,-0.00956670225663209,-0.014081232815933374
200,0.047376746667325775,0.006908059627708295
201,-0.0013012486735930115,0.0003914517634752918
202,-0.0004972437956523172,-0.024724268115714352
203,0.0037305598923606433,-0.02595332649290057
204,0.01940122267319162,-0.006710709859084319
205,-0.020583770055747914,0.017406255729242877
206,0.009240622835113455,-0.0073641922504293226
207,0.01510641034585683,-0.014159495810931724
208,-0.005567880934423783,-0.008494399277912094
209,0.02163400322334201,-0.006957899813091787
210,-0.01535608798725859,0.009619355010267476
211,-0.005751242066284731,-0.019529031313760117
212,-0.015501010058128732,-0.01370299973704379
213,-0.02034540177683726,0.00879737115044923
214,-0.014124697263890254,0.0026475625959195112
215,-0.01965763338671546,-0.00461597647768117
216,0.048140342996822086,0.01929630128233414
217,-0.0149084734257874,0.012874989923730113
218,0.015931591936116464,-0.02107647371388988
219,-0.0053787093877337615,-0.0035850014889555063
220,-0.022057001654872815,0.016137962675519944
221,-0.0050398312084856765,0.0033562961843545632
222,0.011284414598629559,0.006145478631586094
223,-4.788783240658007e-05,-0.023192510083357883
224,-0.006809262810234971,0.008603329200660854
225,0.005202135905461158,0.009072082127427912
226,-0.013824963045691576,0.01007135003084328
227,-0.0071223746580774,0.008661580806740165
228,0.011381716078632264,-0.0007466218919375668
229,-0.011438093116105571,-0.0181275206312368
230,-0.008748539992037693,-0.015674509483389967
231,0.01676805957338869,-0.005639514703177894
232,-0.002456313885440139,-0.02006610690894666
233,-0.008182278710167593,0.006223436447508975
234,-0.002219955016159661,-0.010285318132264307
235,0.009601901165009925,-0.02726426753499774
236,0.03896434504915665,0.015817445582143336
237,-0.02315834285199451,0.01137271438524538
238,0.00402886977883511,-0.01912256703620767
239,0.01372160495450374,-0.0006057424963862726
240,0.000586321245562033,0.008600849711235887
241,0.049914611534408494,0.015953244979676748
242,0.013391425884466863,-0.02253350428874173
243,0.008082643334584921,-0.013568093000334906
244,0.013073501703135426,-0.015654219615097727
245,-0.003931864895519835,0.013187238776743365
246,-0.00985056227401614,0.0032015224776750133
247,0.018974844667492406,-0.005073538429053062
248,-0.014399812035614709,-0.007686702899596235
249,0.013509613034127768,-0.005644593676458798
250,-0.0009326614141601557,-0.007415324109357904
251,-0.01238288075097491,-0.005073136179146837
252,-0.0013398744175876964,0.02468559794500821
253,-0.02528543555921773,0.010835536692974051
254,0.05251182498461186,0.015452712525627845
255,-0.011995704020759194,-0.01358007477597286
256,-0.013373261716643924,0.01645994175063763
257,0.008386383596096654,-0.015817921867961122
258,0.04387309103727594,0.01931749476586812
259,0.0036735393118251533,-0.02167383299956658
260,0.004283006942472196,0.00877782219279494
261,-0.013683988830810269,0.003794085623721705
262,-0.002080419248907371,-0.01169621011993394
263,-0.014305697627388758,-0.002841214555190623
264,-0.0046315025838138645,0.008562412073682262
265,0.011660875213426845,0.005819288351784924
266,0.02098778469289465,-0.008695744529474398
267,0.010922552697270488,-0.02453945243670963
268,-0.02434419260172496,0.006637226010181981
269,0.011813533447938679,-0.022486997125478574
270,0.049101250893764346,0.011693042147801124
271,-0.01472338362895835,0.015484649660913905
272,-0.008020933244180455,-0.010526350890555562
273,-0.007508355353589512,-0.013073247824358949
274,-0.0034819602590879448,0.014004208183051455
275,0.0015823659724671587,0.008810559350493463
276,0.00796263613970115,-0.025077821763487308
277,-0.022132653969864996,-0.0011384669167588712
278,0.011879126410708657,-0.022107242738183736
279,-0.007977432199567413,-0.008797316971112999
280,-0.019975631298743968,0.01761632359435524
281,0.021171983426701783,-0.010717856798796563
282,-0.012363573633266726,0.007864567135210474
283,-0.019983062323150228,-0.00745066140025759
284,-0.010774614258081646,0.001007220838612005
285,-0.004089143947579582,0.0018114335626672755
286,-0.021805756908931617,0.0184349963153112
287,-0.0015858659941060985,0.012504897578639054
288,0.052587654685287,0.015845884128180755
289,0.017657273372367648,-0.007406482310833256
290,-0.01739219005654604,-0.008169559138089253
291,0.050658904121306296,0.019323431879051958
292,-0.0017701444846707876,-0.007584789934681269
293,0.049709647397518916,0.016694486377633596
294,-0.019473966482576904,0.0032237694865460817
295,-0.0062722444536318514,0.011350164835371863
296,-0.020114099571481046,0.015195548623831491
297,0.04813796794566567,0.017196819441976787
298,-0.022050628793175694,0.010738258443243881
299,-0.005608269575590457,-0.001551028296759811
300,-0.021049977157276023,0.012339385173672134
301,-0.013953468677504752,-0.004872278531978495
302,-0.022356039443283286,0.0005882048139357936
303,0.01168787521178792,-0.024827207716314276
304,-0.005024674790833055,-0.011073149739256256
305,-0.014301560488716614,-0.009507730017572982
306,-0.021788590862634724,-0.006581592551750676
307,-0.0039681411760962735,-0.0030535114089383876
308,0.009609743460465718,-0.006070936548435655
309,-0.020981706188788078,0.008507220128499377
310,0.007444355871490837,0.012227357898741525
311,0.05331841978161543,0.013541306118020676
312,-0.022702585247412997,0.007965116269073752
313,-0.01768085912079227,0.003277857577857823
314,-0.01355240672600461,0.004992282969753685
315,0.007901234500069375,0.007613484925845312
316,0.015061172133997196,-0.01416228352346677
317,-0.005266012258154345,-0.01181381703295742
318,0.010423932017852647,0.0015636691852666494
319,0.004985112541373865,-0.0028404408247276304
320,0.05301586853639616,0.010852744459451724
321,0.006262755908175465,0.00879382851870725
322,-0.018312387461765438,0.0015505691535298064
323,0.006952140374493208,-0.020339170948484288
324,0.01347910212615117,-0.023203991955322485
325,0.013778062937540395,0.007702712760792369
326,0.007405821198211278,0.006393075027625557
327,0.05623019152275324,0.004249310481875012
328,-0.006554341643670427,-0.005088948119840778
329,-0.022808619020992238,0.004159663061166289
330,-0.008558505231432268,-0.01568559850417211
331,0.00728184111336666,-0.0013338987811028452
332,-0.0011592611962659436,-0.008479539173792275
333,-0.006956310663392562,0.011681497485801329
334,0.017581764651568268,-0.007299270626690082
335,0.007339122509817229,-0.017523639059075936
336,0.006328167988875693,0.002763474420719196
337,0.01151317907208139,0.0016450170285904119
338,0.010950015070444416,-0.01967869666360137
339,0.045480294844411406,0.01750323951511638
340,0.0007917106425728257,0.007904141074633251
341,-0.009435555244152146,0.002522892208317299
342,-0.01113902317300694,-0.010782919710937323
343,0.0039512784297246065,-0.0293977100200841
344,0.008126987553667666,0.016366499205342142
345,-0.017349836177648657,0.007568558134587948
346,-0.006684145182944594,-0.015736411751085266
347,-0.022234308093125904,0.007091188679605488
348,0.007392885200398471,-0.028832963467558453
349,0.011583868775806335,-0.02764168949996571
350,-0.015245340619710569,-0.015245505247912036
351,-0.01184524416844867,0.0035926561945793436
352,0.001587131599263952,-0.01277756821492954
353,-0.02176292181750131,-0.0003057907203646159
354,-0.0028675348219798203,-0.02348980457855059
355,-0.0037530032591312997,-0.020552263285223145
356,-0.006765449366590852,0.001692491999091877
357,-0.0155627469319118,0.012382589136317021
358,0.0015097539890545375,-0.02324226824150508
359,0.015613358638597528,-0.007259219392831652
360,0.01203173162487334,-0.017872220268300782
361,0.001924704289876484,-0.019642708948377368
362,-0.005009522879864702,0.00229208984285213
363,-0.016841162273212258,-0.00018515819519634842
364,-0.006997449999761272,0.008202341277592192
365,-0.008664472831298752,-0.015226999232615949
366,0.012936967996883784,-0.026101549970333152
367,0.020294265811731348,-0.0113361223399324
368,-0.0015827625252500404,-0.012957042322693013
369,0.007634293815942296,-0.02345283227243592
370,-0.016921633957760935,0.016903441089781483
371,0.010532236738799631,-0.019306460395831806
372,-0.019919690788073735,-0.0033400999764515967
373,8.496181072215009e-07,-0.0034579328235150417
374,-0.004715088049704884,-0.014378032565777951
375,-0.019943605647007343,0.025167225478804563
376,0.010981569195466905,0.006743369398823018
377,-0.016575566603704458,0.012285706085906126
378,0.048113726884878805,0.021193270873299853
379,-0.008579202757023967,-0.007803725979253936
380,0.004040175543008252,0.021011462574842075
381,-0.006346839283355199,-0.007781216467188572
382,0.014085499339089445,-0.011704151499791175
383,-0.01716927732461105,0.022900994355285788
384,-0.0025257722099805585,-0.003047157804732466
385,-0.00205439436475372,-0.027248908007792207
386,-0.025788111595647128,0.004217819602445001
387,-0.02075833759276427,0.008041073794746141
388,0.007732233753292714,0.017265439352837298
389,0.007047585639794115,-0.012759896718676401
390,-0.020557621714728587,-0.006283619702524122
391,-0.015478227040021494,0.005241098367398708
392,-0.02161428483465499,0.01602491703258411
393,-0.009062693812028554,0.0015176311664835608
394,-0.014479114906980646,-0.007000968936553753
395,0.00373128809751642,-0.021054920376199982
396,-0.00745510437311421,-0.009872714770734262
397,-0.025269490414037577,0.002767535146021426
398,8.220951145877541e-05,0.024525535218746633
399,-0.012791111591354185,0.002087402059486012
400,-0.005438420375596319,-0.003147856629552866
401,0.05344365423852635,0.0152176535939791
402,-0.015400629535009418,-0.0037382517693948475
403,0.007165269910165408,0.0011526681542267142
404,-0.01643976095064514,0.016200757538826247
405,-0.006370891934756033,0.012747932892955288
406,0.006052921208756877,0.017936089257676507
407,0.0033624053775326407,0.014977435837794754
408,0.05811705872013095,0.006487134872585813
409,0.0012680440396018549,-0.0006432285888710556
410,0.017970649286773274,-0.007648878845083394
411,0.010662617228452775,-0.0020136720110526364
412,0.011575043471606615,-0.0005384925420664417
413,-0.006276016412334111,-0.022792901606259942
414,-0.010474122789414685,-0.010700999464308332
415,0.015685916908869692,-0.013360164362317808
416,-0.006494066064228337,0.018856687408108943
417,-0.025925472972539262,0.005671803400371727
418,-0.005738090054862869,0.007206251070102629
419,-0.01882086393046371,-0.004246123056146893
420,0.014729340093339082,-0.0005044828871394213
421,-0.0031809279804709445,-0.020856211810072085
422,0.003236872089319953,-0.01856459623129341
423,-0.00937829477592662,-0.008082497907757101
424,-0.016306506438868194,0.008984131840056664
425,0.009262862959734863,0.010387921085695426
426,-0.01758780130563832,-0.004902027824362215
427,0.0003981481813220034,-0.009937811009817346
428,0.015955453980956665,-0.0011725968966822666
429,0.016671545665508304,-0.016566466117217623
430,-0.01180907122177526,-0.01687192357001732
431,-0.006211741973332426,-0.003503023167829056
432,0.01583134793591535,-0.01718745151547261
433,0.04241930847477772,0.010836277560316455
434,-0.014963987766547731,0.004059619873252886
435,-0.014328164908228528,-0.012580526737560731
436,0.011085878533280606,-0.023333052945192004
437,-0.022445823045255064,0.023303007718502255
438,0.046537145070200805,0.016973991514677017
439,-0.0010219662718479589,0.0045245264792114406
440,-0.01375531500686117,-0.005128017485065827
441,-0.017303573695561656,0.011495316766516585
442,-0.017970316269810466,0.01575193090129236
443,-0.02275377854520716,0.013114949527078135
444,-0.016043321629183163,-0.012439327416160613
445,-0.01604828007745866,0.022577249469064628
446,-0.005176809523058528,0.02015016969615336
447,-0.0033652014455687594,-0.01217900963921526
448,-0.01217474443339883,-0.014201188936359254
449,0.04125139348629949,0.018755246113097618
450,-0.01756601023637372,-0.00604862820812357
451,-0.003774295582216971,-0.02141771051783935
452,-0.01444082594694533,-0.014203686213099885
453,-0.009811939222584526,-0.0071820173612374
454,-0.020812571891022594,0.021238265812231375
455,0.001491765630841155,-0.005016459226969123
456,0.005788526020902966,-0.00611334286002184
457,-0.0173815754913415,0.001638937703456361
458,0.0051496010465855195,-0.013833843519483418
459,-0.021750864287967245,0.012768933781805663
460,-0.012477010207154403,0.00968478194274287
461,0.001059774688120503,-0.01865904498631134
462,-0.02059374158095678,-0.0043596872518454005
463,0.05670860691857387,0.011846468693052333
464,-0.01855640099319949,-0.005661825090676549
465,-0.0004971541724964731,-0.013293685375826647
466,0.048829016475184714,0.0010646477059786902
467,0.01230658089812142,0.001569286067244409
468,0.05216525311243174,0.002326265577361628
469,0.0075647258762875,-0.020482347862942847
470,-0.013654522672589568,0.007971813198957354
471,0.007331674977153125,-0.018371941313101915
472,-0.012040518738932592,-0.017233169672682996
473,-0.01509966332936955,-0.00253066994154159
474,-0.010824104064403036,-0.014015271635566966
475,0.035787266140571435,0.014759722245109018
476,0.012689477686845035,-0.015067260359041419
477,0.006395135570363891,-0.0021638361591024414
478,-0.020546915185797602,0.015992429624331363
479,-0.0235669342240642,0.0017681636548101307
480,-0.00992317281812311,9.371677420174877e-05
481,0.021060105466374286,-0.016628085466147517
482,0.014714576837254929,-0.017660823724168766
483,-0.017857132482434267,0.022692472014645127
484,0.053609630671209434,0.016846819942778597
485,-0.00310211783244674,0.008117181287547095
486,0.0009223341761814261,0.015491360476657045
487,-0.019342228607505518,-0.002976371107516494
488,0.012108163698546788,-0.021819724882830602
489,0.011183277547084624,-0.021669976669342395
490,0.00024153484417264716,-0.0174462807521966
491,-0.022682808884752225,0.01424045508297239
492,0.049097907329392364,0.01771488845359812
493,0.015629200819283085,-0.00241684057311904
494,0.014341280283071842,-0.0016327288915457606
495,-0.0069832298514713505,-0.018327824221465262
496,-0.01126626048653729,0.0011151949750147032
497,0.006107611632179378,0.016955366742962257
498,-0.004224590483730196,0.0001734038659259252
499,-0.01183628094269379,0.01033135884729306
500,0.030024470165629688,0.009383163294498377
501,-0.005141867506522316,-0.01899281261094516
502,-0.012901263238014342,0.018392181782213114
503,0.008548515148750421,0.00541391475217972
504,-0.01853117468297576,-0.00792751041538955
505,-0.013773770073025942,0.0052877795444305955
506,0.049466935743852705,0.012682601837025586
507,0.007673975426427675,0.005460823495009611
508,-0.007809773296073994,-0.005113597341029965
509,-0.017518879443571455,-0.0016157674696706252
510,0.04515801635573643,0.011543102147992928
511,0.006707620829782846,-0.0032602863785803713
512,-2.797514801662759e-05,-0.02330202116626793
513,0.05352289634103706,0.0027430858193784073
514,-0.023207751838047536,0.01127513824976765
515,-0.009244195230133196,-0.004383234313002753
516,-0.02291008044522465,-0.008315399269487345
517,-0.017542928484531407,0.023798228333106908
518,-0.004673014525188721,-0.014467957732131614
519,0.000490047363265344,0.023864428723736734
520,-0.004975049215559618,0.00668102179299841
521,-0.010428733465533366,0.009669439613866022
522,0.0013226284808104361,-0.024051538337803574
523,-0.013361488099863657,0.0019499565111616656
524,0.008257371833702336,-0.0028273078658263982
525,-0.014746845945161135,0.005531430476499244
526,-0.005886417233264597,0.013795061637305359
527,-0.016294879143247863,0.01000153859874469
528,-0.016472063856601604,0.019194665057361473
529,-0.0035679186825087524,-0.00825481220197181
530,-0.020601787911144115,-0.0039865774732433246
531,0.011284713283735785,0.0009430289425602056
532,0.016514682180723328,-0.0037858159135489506
533,-0.011967272025644274,-0.0005011206344964396
534,-0.0028484217054754865,0.017002226855476848
535,0.007412300695694931,0.001361094295130015
536,-0.01555882906800693,0.01077844912351961
537,0.017672516392929147,-0.012187607842596884
538,-0.008866999646999931,0.011689844242442038
539,-0.020577255081172814,0.0010622709060336354
540,-0.013113712901663275,-0.0011126365130525544
541,-0.015421524715882975,0.00027206648129416355
542,0.05535412074104614,0.003974098840194299
543,0.0018996703013510875,0.008751270161866595
544,-0.01637268219241414,-0.005651541593647736
545,-0.002627843128799021,0.02184144085640763
546,-0.01780509414086599,0.013337620269432325
547,0.04917780628214585,0.01983857448531032
548,-0.01749684566364731,0.00919047135321316
549,-0.026608176612023117,0.011929586524577426
550,-0.01600774528128683,-0.0015391912871192078
551,0.014413185506885088,-0.017749008598983467
552,-0.00447697135560094,-0.012858770878842463
553,0.008558236404287461,0.005928154725456531
554,-0.005896549336865311,-0.01461463806019617
555,0.05229718993397278,0.01735582295258957
556,0.0002688092594828301,-0.005396500330180953
557,0.014213380782592079,-0.0074063366284650685
558,0.04261607264625657,0.020088753257203964
559,-0.0027413527790790078,-0.0020992674959800224
560,0.0012555840071968945,-0.007983474646035256
561,-0.019124203066092537,-0.0003267783481985362
562,-0.014917472251606214,0.02175247301482164
563,-0.007751612495091903,0.013150832188909063
564,0.007860515438977917,-0.020809405021926557
565,-0.008331415647643359,-0.012001016119591259
566,0.01437346752350044,-0.012706788865179005
567,0.006243293543000098,0.010467994041207858
568,-0.014888818301996485,-0.007559309834823398
569,0.0008960292823203027,-0.013004961523440078
570,-0.024881462110873047,0.009848458582739398
571,-0.015332959859796743,0.010542440044110214
572,0.056559799093685116,0.008408911109653382
573,0.01102250562230144,-0.002232975586636285
574,0.0010363608561856838,-0.00954760741401772
575,0.022024948380620826,-0.009966067508566304
576,-0.021431965485650222,0.022230265408674565
577,-0.008579884566970895,0.017332375524580758
578,-0.01560739789566786,0.0008337262603670964
579,-0.024565441722658343,0.015142198240032843
580,-0.009007510721177081,-0.01900663851744406
581,-0.024046622304851786,0.009779904310732454
582,0.046505388724151504,0.007928882039082564
583,0.010713714270541177,-0.01994144428841018
584,0.00316447333222436,-0.01765289531175038
585,0.011998277676493928,-0.025357854430882853
586,-0.022940359182505195,0.02137277462491064
587,-0.012425762450730684,0.0012561139101422197
588,-0.02007806608400731,-0.008800066572912426
589,0.00620296262028985,0.013321885031706449
590,-0.01996061747032493,0.00874789758577407
591,0.011968047693128274,0.006708242337462951
592,0.05594780909891397,0.005538214345601717
593,-0.0083771201625497,0.007105500414144741
594,-0.018804709274367684,0.0209935296492324
595,-0.01743249962722348,0.024913326145927873
596,-0.011806777991120712,-0.003912680541137
597,-0.005321561303483659,-0.021825483754946293
598,-0.006453829168009175,0.011382915428060095
599,-0.0018269756885864582,-0.02387335752957173
600,0.05239786760086595,0.018938309734938284
601,0.05524142817020549,0.0037301547379861083
602,0.05026292879733019,0.013771752587384426
603,-0.007658975055811195,-0.012447175451651788
604,-0.014245684620053108,0.020791939554309587
605,-0.01531422591697289,0.00042302161221120625
606,0.0014114196130055902,0.003910839785231309
607,-0.015545800471006925,0.019488062831555117
608,-0.0005763399386457173,0.017149964655405307
609,-0.0008403734980819013,0.023881225829212954
610,0.047246951941076275,0.00015503187443495313
611,-0.002811197151144933,-0.0013269931749209751
612,0.048922548688233466,0.02025997537609914
613,-0.017333411641758046,-0.0076782051851812085
614,0.019766622981177782,-0.009108064870096157
615,-0.0013711859650581161,-0.003000671132590474
616,0.01013923109477387,-0.020055221752546724
617,-0.011557532273611127,0.010306434180229912
618,0.022720055878069127,-0.00882746773802606
619,0.03266283150452062,0.016592440355936867
620,0.007979581613006553,-0.0080327642674336
621,0.012744832901613597,-0.0006561465757843859
622,-0.017433427477901286,0.008398788321678162
623,-0.0031454108584761204,0.001188955357482992
624,0.015188261677247933,-0.011923766675335679
625,-0.00188249766452264,-0.00938799108402267
626,-0.016785339819033396,-0.004037031022696029
627,-0.007649374467878248,-0.010407687687120401
628,-0.01780156331749759,0.01088176368524159
629,-0.015858529034820594,-0.006873885683385934
630,-0.013766198279632613,0.004193755877012517
631,-0.002625367238709269,0.012222443543567125
632,0.003975009076305127,0.01277384422439213
633,0.011559841419255786,-0.002741090590752354
634,0.0140850833973593,-0.0012336172108848072
635,0.0005394240562492939,0.005411472657625068
636,0.04866021669997524,0.020592105977945478
637,0.008368534778745575,0.004913035301093261
638,0.00850225616034473,0.011622357503988174
639,-0.0227260564137473,0.009933055223411645
640,0.044295132383298914,0.020786944784826736
641,0.02074308972998782,-0.013900593087479882
642,-0.021747500231594975,0.007259324793630381
643,-0.006118253775242815,0.019385204811064313
644,-0.014864183194988476,-8.223450609570854e-06
645,0.020829608515564205,-0.008722380611749674
646,-0.020722233141568538,0.012102820370993262
647,0.003582548558145883,-0.029073486037983404
648,-0.005082511452699168,0.0008955112164126969
649,0.056548229968024645,0.013567583463124557
650,0.0036306137064175854,0.008574800232105214
651,0.019321989690767236,-0.007528217243316743
652,-0.006668089669725468,-0.019170225818221566
653,-0.007445294693608347,0.006945607810006819
654,-0.0125983059966799,0.0023963033881729302
655,-0.010221091003809107,0.007070656647629153
656,0.012189089193498481,-0.017265146274576905
657,0.009349249043753142,-0.02714883362707072
658,0.0029014193337261415,-0.0011850934187222692
659,-0.0037713105529897572,-0.0035319905118321882
660,0.046041824319732014,0.017245438236342347
661,-0.01703811976126615,0.020370817307350943
662,-0.021365677389063403,0.015474364014788447
663,-0.023708890123795227,0.0055005541413692995
664,-0.005156564691202204,-0.0059171357344024195
665,-0.00891241046828279,0.010102784378335712
666,0.05007738500290233,0.018540124302957452
667,-0.006794663493196001,0.011744074867282777
668,0.0022217743987946867,-0.0060974344010629785
669,-0.004887960104454269,-0.0009048097441378879
670,-0.003827872997139337,-0.002986679568973457
671,-0.021648666332512355,-0.007560189655504946
672,0.0005477704864924823,-0.013818270841839689
673,0.006987368910664222,-0.018567652465163124
674,-0.012941619912521985,-0.0070681625327216014
675,-0.007736577470786366,0.00463738656972499
676,-0.018293552622229065,0.016526009789632857
677,0.002576452936475551,-0.013366953358308568
678,-0.021230976868681157,0.016157480382429975
679,0.01024845247808138,-0.020057230374230618
680,0.021694847980806408,-0.012067964234755252
681,0.00011611514803939137,-0.0004841510793535568
682,0.04772267200773864,0.01896634450381455
683,0.002722217877107186,0.011857548878717528
684,-0.008383031568412434,-0.01595546023001177
685,0.002217881923288721,-0.01768968268920324
686,-0.012261351964753357,-0.00016677176649384327
687,0.021435762748962677,-0.010722034422003352
688,-0.01365835140744549,0.02011909674839012
689,0.004632874472136859,0.01523310458474119
690,-0.015359272601688697,-0.006960855654905957
691,-0.006108666656561982,0.010198970378699965
692,0.02278989654597472,-0.011541694273453284
693,-0.004759868826131548,0.003177785385357609
694,0.04934704421019321,0.0011185297832189312
695,-0.0035876791228847717,-0.025804362930026206
696,0.010211988964496458,0.0006523570737271665
697,-0.005729323324538437,0.0013398141118737181
698,-0.024998199317935392,0.001215529648546549
699,0.007866687028353291,-0.00658467290843872
700,-6.5441179137796996e-06,0.006557824342077503
701,-0.02351168054368918,0.00726307626499308
702,-0.0204602977980886,0.003933995060190147
703,0.0002451643669329661,0.013924788394339428
704,0.009289136067713286,0.004207918790127817
705,-0.014893608617706068,-0.009027610689632476
706,-0.009834487062678398,0.00720555912354949
707,0.006070191136052179,-0.01330084530659183
708,0.0009896836782018635,0.023106156196617007
709,-0.011392455195103133,0.006410665326423443
710,-0.009476702015171517,-0.00940926105740285
711,0.012333802019269827,0.009411495711674558
712,-0.017371762945475055,0.016658040803853233
713,-0.00450361786477986,0.010205384822442598
714,0.005175277623572553,-0.015851326056594273
715,0.0007922880548605935,-0.022822160426753342
716,0.002747488056494134,-0.02559460517672812
717,-0.02477826385360539,0.014372743475034979
718,0.022224529751578643,0.00788368459117233
719,0.0006793820327512059,-0.0066800878862739175
720,0.003981949469093288,0.006740711807345684
721,-0.01709356914589115,-0.0032712981540442623
722,-0.008614390815783204,-0.0017166627954154517
723,-0.01728417946503342,0.013155554342231193
724,0.008310245406068813,0.007985383570490313
725,-0.01103713541691149,-0.011752611732222232
726,-0.0115654012996999,0.0004873082463569618
727,0.04380214611837516,0.016169378418710415
728,0.0009603913463076556,-0.021945676003999662
729,0.04699789349064269,-0.0001590556351203973
730,-0.009257272195510247,0.0006681632552867818
731,0.007180636736559548,0.008033927675489726
732,-0.017968651986573367,0.018188397518117495
733,-0.019557699727700915,0.0052636676189786675
734,0.003111045842813764,-0.025282394493765167
735,0.0199509702409387,-0.008201034480681069
736,-0.015606305591012094,0.013094676498321543
737,-0.02075642243211031,-0.008531317809064787
738,-0.01717107795253563,0.010362347543196943
739,-0.00921892238432588,0.008890923302969792
740,-0.009283717972794724,-0.01116223259421173
741,0.04645038688500321,0.020956145618107765
742,0.003136900535119629,0.01697958018717341
743,0.012841658262264218,-0.0005733953334187597
744,0.03937880669975921,0.01309682142499313
745,0.00535787600729652,-0.010273954954928301
746,-0.014948476163325718,0.0002776797110799288
747,-0.01838763631506832,-0.0010091806826577373
748,-0.022387376173994784,0.015242629018208114
749,0.011455318362552223,-0.017691375442636745
750,-0.0047036312526769035,-0.01693612372276784
751,-0.016743850733465748,0.005991009859539027
752,-0.01638638920782502,-0.008148079504224344
753,-0.021662007861696378,0.01104759261633776
754,-0.014037239051891132,0.003952076081032672
755,-0.012465864540952517,-0.007293977504070246
756,-0.015298825922979471,0.01808645093270106
757,-0.004827223981800219,-0.02411233955442009
758,-0.01653288575798903,-0.00493409964420721
759,0.005843451398292015,-0.02895025275693663
760,0.01141542054828485,0.00952992613346376
761,-0.0068266192109804925,-0.013032012014232154
762,0.0016552713158307292,-0.02465319893905899
763,-0.018016618662257584,0.009039083672087559
764,0.008569972527649515,-0.0017983947481861535
765,-0.01840358421837593,-0.011495846613806844
766,-0.016056653707932866,0.0013987699608740815
767,0.0062438661629411986,0.012823171699481689
768,-0.0019559867045154103,-0.0019434527300021532
769,-0.016709675076686824,0.013692933007969362
770,0.05653574996469974,0.00538347414364761
771,-0.003923880020617872,-0.02104136306827086
772,0.03851264353583841,0.016775398964347404
773,-0.0025470041115458735,0.0196625497163038
774,-0.007689792777588067,0.006677946303488761
775,0.05247682671564106,0.01286329486779494
776,-0.006123268497814292,0.014571033230349473
777,-0.021129900117445116,0.020007719631912124
778,-0.006048552295658304,-0.01921325200568703
779,0.011556518098006282,0.007461787559198713
780,0.046171386652200205,0.01714988341570533
781,-0.011162887073772306,-0.00938837670920444
782,-0.007622194887649279,-0.013893255087517785
783,0.033411632763517364,0.013368240783442361
784,-0.0013842482918809164,-0.02039426450387498
785,0.011079716506034417,-0.020119480370759182
786,-0.012768214278781472,0.0077372615759582165
787,0.037153492392014875,0.00450490335267198
788,-0.007621628355493091,0.00955135106610638
789,-0.023517434799005223,0.0033089137533766255
790,-0.01354971242493163,-0.0052952872126608135
791,-0.012642106557761032,-0.002632875023659137
792,0.002416775145863136,0.008459110404086695
793,0.00015097812442825683,0.02237930389192466
794,0.00037155048647890767,0.01521879739686945
795,-0.006165546444930614,0.007964754960462464
796,-0.014471468476561992,0.018972835093224984
797,-0.005512549034852163,-0.007014351377616551
798,-0.0035310417170123366,0.016929239398481486
799,-0.015432583611525398,0.012605415799429637
800,0.023089317967919742,-0.01022458064401362
801,-0.008487970385665011,0.008164542600015843
802,0.0113301460400932,0.001397863118107922
803,-0.004038172572245114,-0.007414495392302517
804,0.053052235593521214,0.016383769460262963
805,0.005647164429685256,-0.02646020269066973
806,-0.012715274553213722,0.01151917324647414
807,0.007385585169613931,-0.014500315125252737
808,0.00027056003018044775,0.0027274449472222476
809,-0.0185901534482792,0.021022145778201193
810,-0.004403322230428617,-0.019363398809982134
811,-0.02199504991966031,0.02365276960973908
812,-0.013772782290452463,-0.0038610600215299496
813,0.005144430610101122,0.01269980790438767
814,-0.005046259844046985,0.008984776758573764
815,0.015587481013711386,-0.012651295888907566
816,-0.007654463776827775,-0.019092430794188063
817,0.0038398032646105858,-0.012970375552109793
818,0.005660870365784409,-0.022240143042303432
819,0.02811773761350678,-0.008873189647999394
820,0.018941426550262496,-0.011296397385025685
821,0.0030115342278552826,-0.011752912408132057
822,-0.01093606737167818,0.010854276971475552
823,0.0055102549952328155,-0.019720269555682873
824,-0.01654934442242009,0.015879375244278633
825,-0.018282634385905355,-0.007172248206688198
826,-0.00641964127635787,-0.0068260991342211615
827,-0.008114618527027054,0.00789331884868227
828,0.006588686532996166,0.012519115252492502
829,-0.021644535764904858,0.016506064329936947
830,0.014442725216544331,0.00037329032940604245
831,-0.0012475842139458826,0.024800661199426977
832,-0.01845858603919624,0.005159111329178668
833,0.010980769484014805,0.007631253268776016
834,0.045205250613247414,0.02092977928081355
835,0.05282715062261199,0.0021262104857009095
836,-0.01934395238505087,0.024048317585958053
837,-0.0013177873039495358,0.010308272317578476
838,0.023648692805161308,-0.00826424231329299
839,0.007871513560861243,-0.016129889276019757
840,-0.016160479719996543,-0.0045052837615852945
841,-0.01538006565025899,0.022690251777195223
842,-0.013232652632363544,0.007459361181947324
843,-0.0002185248485520303,-0.027376590559377148
844,0.05172036802567091,0.0019802645098688466
845,-0.0067994713364270655,-0.013679088736916332
846,0.012285899730230245,-0.004842936723365416
847,-0.01622117557507033,0.005895359131773739
848,-0.011130879732530142,0.001856888939363068
849,0.00795103927192699,-0.02159314273949268
850,0.0051319984822454255,0.011339870282887972
851,0.01159755093734538,-0.005806198797138441
852,-0.016346918216454794,6.805024054146126e-05
853,-0.020561067254084613,0.001980244974186571
854,-0.010823604999363003,-0.00450919725407447
855,-0.010371530193031098,-0.0015737841347325647
856,-0.0018847361882471524,0.007949473916791617
857,-0.001748574360864618,-0.005173136161209012
858,-0.012426579474519512,0.004734832475885262
859,-0.013726343316374073,0.004180938218783758
860,0.045953836792516835,0.010233656460475292
861,-0.010376144784866278,0.005070029758118235
862,-0.01403300011836153,0.00786180735731033
863,-0.004008975824859864,-0.01105259529129258
864,0.04805544755814116,0.02077467882628479
865,-0.016309453273510004,0.009024435391085625
866,-0.022954103993727035,0.007917426341117976
867,0.00951361710358279,-0.014687666139158971
868,0.01657763408680832,-0.013283120373986951
869,-0.0020314328983577373,-0.006471073733963686
870,0.014012757983647584,-0.02023588498790867
871,0.012389926913366782,-0.019945087937815093
872,0.010435247429447308,-0.006192252780372873
873,-0.009806944015576396,-0.008272989810946941
874,0.016778686022575963,-0.007778310762252895
875,-0.0020762104593532358,0.008027861951124322
876,-0.01574003003301719,-0.006786873096054058
877,-0.0016508552813644995,-0.023062486762184586
878,-0.012437065566028962,0.003940548428776875
879,-0.012668533468885322,0.018144062281532734
880,-0.018896869457211106,-0.005739501376099324
881,-0.006501019173913654,-0.0024073953236918998
882,0.011085764870327912,-0.005177195625393718
883,0.01001010898104615,-0.0034254946465390006
884,-0.004945982566310591,-0.009220877950076896
885,-0.010134364796779516,-0.0029239557449872986
886,0.014839384058326615,-0.01937923279739158
887,-0.016398165483779432,0.001451138245790079
888,0.01500976027393454,-0.013099037491357756
889,0.0011407877305671765,0.011140146008085943
890,-0.02230786518379154,0.019210838897552956
891,-0.010807472116540155,-0.0097563816875662
892,0.008613253119903689,-0.026657016234331858
893,-0.02018886904470151,0.013693262045136599
894,-0.005237399316531785,-0.009849360320446287
895,0.00914481827466138,0.012742376768747305
896,-0.0012239560022948026,0.02332838281993498
897,-0.0041206257510058705,-0.013745031489726755
898,0.008012607684735605,0.0001175507097691997
899,0.004468673725119343,-0.014146202209168566
900,-0.01446547300599,0.00036559979583563186
901,0.00992849123653594,-0.02597291326093661
902,-0.005134644754607169,-0.013330615440782682
903,-0.011200873797522546,-0.019184145205961164
904,0.0005693401794405133,0.004806963991520302
905,0.011610687593760967,-0.01963167998712777
906,-0.005199893226361786,-0.02167732673461624
907,0.0008453041597740547,-0.018311767473009128
908,0.05644735871887945,0.005993465508534114
909,-0.0058992514715569735,-0.01981555475528825
910,0.0019293968097119643,-0.021306906639336952
911,-0.01597235879640613,-0.010821860176917157
912,0.010754421046874777,0.009829177292939693
913,-0.015522802891873008,0.01921141990591451
914,0.017878434483468254,-0.0047120333135238935
915,-0.018818778195109218,0.007301627469505179
916,0.009696149138041947,0.015265834269348995
917,-0.0007625980631019391,-0.013241424447805076
918,-0.013604454320289623,0.003249002940559729
919,-0.020933265301755617,0.019899981468065743
920,-0.022058969169931362,0.005390621573259493
921,0.0025241412971676674,0.01731446983013428
922,0.00954837530820653,-6.855406781244493e-06
923,0.006698300977339866,-0.018109535039381865
924,-0.01200521256428658,0.0006145360784867303
925,0.013247162603170772,-1.7074227063716367e-05
926,0.0037204296131883655,0.02062466519841484
927,-0.0068933042933597005,-0.014471728357929148
928,0.017878914105432114,-0.00024813914741394106
929,-0.007213057888366076,-0.013743732462561869
930,-0.005960190419383089,0.012188894391218511
931,-0.0006237240156342832,-0.009082487515245648
932,-0.010242251730166551,-0.015436284427324
933,0.013370967868481895,0.0047077727980139455
934,-0.013573409743820458,0.010586838391358135
935,0.040806255724914996,0.013970157066529255
936,-0.011494565460797813,0.00480650470610936
937,-0.013617081728148892,0.013722381707386386
938,-0.006458628311502363,0.013597115277128865
939,0.04808020953828391,0.004750376068045694
940,-0.007798023171760672,0.021406337649239614
941,-0.015461878694888633,0.009790791183042524
942,-0.01992141308603054,0.023731051050930808
943,-0.004381136408588544,0.021901218054881034
944,0.047851197873000344,0.017307610526133107
945,0.01281401245498248,-0.013311836442210154
946,9.882487844342124e-05,0.009157587470814792
947,-0.014864070007367454,-0.009720533642570358
948,-0.006405634940006758,-0.008926215720888921
949,-0.0047507239415614,0.022191865680365342
950,-0.009661565076819605,-0.012432058419852024
951,-0.020351092186789037,0.009203290584196468
952,-0.006611623944758385,-0.011002984988884907
953,0.015550755428368462,-0.02176114024095351
954,0.04002179254295741,0.018940745446879726
955,-0.01028540473203523,-0.011126649993808578
956,-0.01357665398647095,0.0012609950270350764
957,-0.010371388613829746,0.017431948116842712
958,-0.013470548748815241,0.0014806369567155276
959,-0.021615447936025572,0.000621704878457852
960,-0.010322271233954539,0.004454705325170687
961,0.058138865080306946,0.007112190731062587
962,-3.6304688869035806e-05,0.011181685672599286
963,-0.021386505771401103,0.01712162014520553
964,-0.0173069342676523,-0.006256863722363227
965,0.00013926853273466813,-0.004805877965642879
966,0.0006672482492206983,0.010990002687161049
967,-0.006762482842689362,0.012341998829523484
968,-0.019934920687863237,0.0025251432835799656
969,-0.004356284662863917,-0.0015695384831228717
970,-0.01462350664700563,-0.0009824457586147795
971,0.057624393039256844,0.009371587944194088
972,0.047611240315994396,0.01973871749534967
973,0.021497998848819533,-0.005626888768599388
974,-0.008665200531248838,0.01644228649237552
975,0.05531332460919046,0.014916499830830883
976,-0.011964679155051273,-0.014983978349176348
977,-0.01150174241845884,-0.014159711780973971
978,0.013871183853700893,-0.00303386496349212
979,-0.0037010995048735655,-0.006375129770667487
980,-0.015841638738564895,0.00502061583572267
981,-0.020809909315264684,0.006280664898402582
982,0.009420029110070765,-0.020400738584210824
983,-0.008144994773210982,-0.01322139138976777
984,0.010960101556269685,0.005590750003534728
985,-0.013296140100409259,-0.008537045936308314
986,0.05833538735227368,0.008595091026634883
987,-0.0031409995835145026,0.007410570489248135
988,-0.0035715807350182828,0.014958377151820792
989,0.008638843692248868,-0.02197501243689525
990,0.01159105281372606,-0.019050994023295353
991,-0.020104298577629978,0.016352446175437272
992,0.050489418802438873,0.015139316911037351
993,-0.004365952232550868,-0.012464655814286024
994,0.008987588779505307,0.0006525505386657038
995,-0.013018028489420833,0.011389914870624405
996,0.009874355344388666,0.010066247556936204
997,-0.01280521368445815,0.005413241119179672
998,-0.01724059915168159,-0.007751616956949292
999,-0.010402061971287938,0.011114430614177013
1000,0.010936425629617556,-0.01994033749020813
1001,0.001465610212913533,-0.013282108903144891
1002,-0.010299182418957433,-0.020003712041329905
1003,-0.017658125568023365,0.011214146310721
1004,0.010939444731451345,-0.016760080388643742
1005,-0.011146616574048631,-0.012468967318144378
1006,0.0004269460259054134,0.008741668720087577
1007,0.020611902926132568,-0.011580038048402366
1008,-0.012097800082072932,-0.016302089201767227
1009,0.01203649828740431,-0.0171927499335822
1010,-0.022958838309046496,0.019297327216366667
1011,-0.007643845706421534,0.002669381277060625
1012,-0.014587195913667014,0.009347222938894093
1013,-0.01889403942241646,0.02064757546311066
1014,0.04079753550293802,0.018280471246556854
1015,0.009446407966756018,-0.027083061961728737
1016,0.04152412320745378,0.018988580118193026
1017,0.006582617579636781,0.011624464421253006
1018,-0.01694820438338776,0.00012053854401951943
1019,-0.0008142572765069244,-0.01563205146860444
1020,-0.020868131075960184,0.008757922307854568
1021,0.01970517328420841,-0.0040306702694620335
1022,-0.008190804443752323,0.001803401128302661
1023,0.0002764630428359217,0.016986525886112096
1024,0.01299752634936442,-0.008858447359680067
1025,0.006401171414689205,-0.0022225264639539532
1026,-0.002452631981639468,0.0012820269731660683
1027,-0.0032746680264065095,0.01227973626717511
1028,0.01013128937885811,-0.020514958817259673
1029,-0.00206311738705142,-0.020443061888012575
1030,-0.003519859569606658,-0.007867341158366337
1031,-0.00015133379252434132,-0.0233004070025119
1032,-0.001896444895372179,-0.014104024382595238
1033,-0.0018643951527918903,0.011515376976580338
1034,-0.020784932216830886,0.0081679103231797
1035,-0.015509696248943286,-0.0072662403717546255
1036,-0.022374117044473615,0.010688618967379092
1037,-0.0062940201996735745,0.007119816738033527
1038,0.02068520260505528,-0.00984043894112981
1039,0.008628582192956494,-0.020127922864333903
1040,0.0050650243357770455,-0.02324092620470594
1041,-0.017064939012976288,-0.004938183806539026
1042,-0.015777925723396168,0.007339408025047961
1043,0.005495532391642032,-0.01694808069628776
1044,-0.02365995346902404,0.0025155373122180196
1045,0.006676102520429661,-0.02337153102204772
1046,-0.009470489503358489,0.001521751250358412
1047,-0.0008776809746635462,-0.016108284885854127
1048,0.0020450811914157776,-0.018922736836725816
1049,0.008037247530637821,-0.017363192082815938
1050,-0.023727988591577664,0.007746842380448672
1051,0.004955589986066811,0.010568160545329577
1052,-0.004156482376134044,0.014355237934874636
1053,0.005652710328235294,-0.0023740786330372476
1054,-0.02024802651117836,0.012063894175127831
1055,0.01754774077173153,-0.0050739317049919
1056,0.005471542908424771,0.016576115253014834
1057,-0.025356378730224834,0.005522558554604468
1058,0.006536018059085172,-0.014527083668134854
1059,-0.00366218255468583,-0.022070436102169744
1060,-0.018211797279686588,-0.005109779837464202
1061,0.016519507322034065,-0.0026073480768466317
1062,-0.0020351190821851733,0.0025067671977462985
1063,0.00944178130050855,0.0035634273627707484
1064,0.01155816036506483,-0.027224915128812973
1065,-0.01712050450960264,-0.0004295852291398018
1066,0.058521953454992455,0.0051982324905122815
1067,0.04071715724234573,0.019357468640519706
1068,-0.020127871075321324,-0.010485396708283738
1069,-0.022138765815426793,0.017842545060484716
1070,-0.001987846680486705,-0.0179680111889173
1071,-0.01499181904337084,0.01737239384149538
1072,-0.006712798208155387,0.015399934451490615
1073,0.012094149586730914,-0.02377351317357357
1074,0.0524030105148243,0.016262366994301353
1075,0.007798038286040964,-0.022386844671374754
1076,0.015757006446192084,-0.0027624375885781944
1077,0.013853902352300093,-0.011625891191118294
1078,-0.007345654318047756,0.014677801188141671
1079,-0.015509967794466551,0.007427064265700683
1080,-0.014267455251216817,0.011731366160302504
1081,-0.02492455022095841,0.0053090869782119075
1082,-0.0019982510874698395,0.009505911465709496
1083,0.00934589776948222,0.009310782223033408
1084,0.007481535587104759,0.017938013893931275
1085,0.0011300521453210556,-0.0018983506500277268
1086,-0.025643663759049317,0.008933755523560849
1087,-0.0126214979471059,-0.010595877543918388
1088,0.010428129264052432,0.008757573775311724
1089,-0.001520281576583402,-0.02174362407353164
1090,0.009994258075508789,-0.022735717383506517
1091,0.0013997553723426486,-0.016354159106524813
1092,0.005811592319134785,-0.006498852596419524
1093,0.008274593988959146,-0.006679318969266597
1094,0.045961858640120166,0.013525893317771178
1095,-0.00349390520040161,0.018178988720858602
1096,0.007972702874522014,-0.021189259935259476
1097,-0.021636627804675488,0.010220882340800713
1098,-0.011128640004925713,-0.008430712100689955
1099,-0.011953112556389514,-0.01158439495370978
1100,0.04838881292699845,0.000608445765161506
1101,-0.002874998878535612,0.020724119748201226
1102,-0.00885856743498578,-0.013798983395470123
1103,0.007234616271984284,-0.01737542919130659
1104,-0.005713315943749681,0.014327838790146884
1105,-0.00403060924178952,-0.01203752497305761
1106,0.01664420966068498,-0.0032984919372699493
1107,0.058355448653087345,0.005950327134057218
1108,-0.008324038952995832,0.003742556072695515
1109,-0.01445670123515282,-0.009744504978818529
1110,0.054695865755850094,0.014438156057514162
1111,-0.004081899391650859,-0.009218961059872915
1112,-0.025102569490702168,0.0174300907787672
1113,0.05022687786110922,0.0020678069407752903
1114,-0.022084596534529065,0.011395231033437876
1115,-0.02218774176056462,0.020228744644512096
1116,0.0075176464880229625,0.016686152346490454
1117,-0.013487385394233949,-2.1109080736759662e-05
1118,-0.021535922193069212,0.014198243734875497
1119,0.04329348975774716,0.010783859961413058
1120,0.021569343284055915,-0.012441144210865774
1121,-0.0035599366430124854,0.008696917120088491
1122,-0.0073621227328623355,-0.012323128167117293
1123,0.05549746245926386,0.003627748170457486
1124,-0.01214765981924115,-0.011048464500230481
1125,0.010029245385939183,0.0026606799834038293
1126,-0.012889583621651341,-0.00468827869249293
1127,0.009917148463021599,-0.023285750439851878
1128,0.04497341053352719,-0.0010010530321681187
1129,-0.015746217886296862,-0.0006688324851505245
1130,0.011606717108566134,-0.021825457426887754
1131,0.056696420782079794,0.004728444096076402
1132,-0.0060849621053543496,-0.0043364770492981585
1133,-0.019201644754589773,0.006283059441589117
1134,-0.020845868745061637,-0.0009552475588871416
1135,-0.0028144618113362446,-0.016146398764693915
1136,0.05350435146036397,0.0142837225062899
1137,0.013730294052585117,0.007620766277443891
1138,-0.010372491989888646,-0.004016266673566154
1139,-0.01712955254407797,0.002274789526554646
1140,-0.005745454511883278,-0.007997214414911934
1141,0.002356899678116158,0.014500657640676807
1142,-0.0069024273493855665,0.01219386468998257
1143,-0.02204738183117908,0.0027118282286697198
1144,-0.002911075451612484,-0.005876832883234359
1145,0.02321965365977277,-0.011050136748941994
1146,0.009725717285300554,-0.020641840446935622
1147,0.004970270768288795,-0.025382541830341325
1148,-0.01411484245725313,0.0039018418433837423
1149,-0.0045129953761410425,-0.004816247815793337
1150,-0.01764832264615546,0.013258995956939518
1151,-0.02210485885798446,0.0033891299028570914
1152,-0.009688934601947915,-0.00430910394459001
1153,0.014077905659925222,-0.011053093063963473
1154,0.004470508944471618,0.0111209711646263
1155,-0.0018413950560184848,0.021797766551520683
1156,-0.005021414701403983,-0.009010751960414398
1157,0.0075480538042720915,0.017533786688235006
1158,0.013478844943842378,-0.0024931859614984067
1159,0.01591427751991434,-0.014150178329731531
1160,0.05104631645950599,0.014706288049802448
1161,0.0031034019513067417,-0.003908747134848832
1162,-0.00795615553312488,0.0005275015174084959
1163,-0.01011090885573139,0.0014380938458529095
1164,0.0050323617874511554,-0.010846202187433476
1165,-0.004093228725156916,-0.01161389674341633
1166,-0.0022229704513867187,0.021243778924754566
1167,-0.002696772496206675,0.014625127950363387
1168,0.012815964536575951,-0.003701034197408737
1169,0.0021894746113672566,0.021721408873469447
1170,-0.022617807005129907,0.010974371294154198
1171,0.05566601244358384,0.008464871183371461
1172,-0.004551637419724606,-0.022857706375505965
1173,-0.01576567324876084,-0.011736381427993686
1174,0.0036111774368471033,-0.012094259100271867
1175,-0.019013729190215614,0.003918580729488996
1176,0.010188943935988305,-0.016893319994881372
1177,0.004713620035812399,0.014023277735205253
1178,-0.02423652199346004,0.006378910759791206
1179,-0.013370288319987655,0.021495301830050145
1180,-0.017749634349249876,0.014664190920406144
1181,0.046076270144956556,0.01977781106763245
1182,-0.02185118765545141,0.008281090455145808
1183,-0.004883492642974102,-0.002259216355308462
1184,0.0007436847602459786,-0.003023071396706495
1185,-0.023618570247184573,0.004465382178071041
1186,-0.003998225341489496,-0.0050835861938610715
1187,0.0407954088539138,0.01933010381994743
1188,-0.009989540405807268,-0.008118228203433008
1189,-0.0029182849314069535,-0.020903270934362613
1190,-0.011936090912438468,-0.005623821632807418
1191,-0.005646214640027204,0.003957596661362961
1192,-0.013842233163928698,0.007763428979520243
1193,0.006279718094818378,-0.014614207076254592
1194,-0.002841835744661964,-0.017649745932845254
1195,-0.021685514315132298,0.006478558383177758
1196,0.01535727113096585,-0.02266804361921676
1197,0.005471330684649295,-0.02707338350978318
1198,0.0019986658135632217,-0.023955671009629254
1199,-0.020832135440198796,0.017685543967162758
1200,0.002568239246639213,-0.0021433700960837403
1201,0.00803466825599079,-0.026883130789494586
1202,-0.0014867600928909386,-0.02269246355887407
1203,0.015049020220289274,-0.014088815464573818
1204,0.0025512271586979,-0.026859305038213453
1205,0.0008201243440109543,-0.018974138029794686
1206,-0.022126428095437193,0.0010576411008948838
1207,-0.010894174575093707,-0.009129568864042646
1208,-0.002885731244682895,-0.0017281800965121858
1209,-0.0034305223954236006,-0.01657490198370355
1210,0.012190757925308295,-0.025086287581521184
1211,-0.005327837799659719,0.0072827059032820355
1212,-0.01751063622721379,0.004948455532427773
1213,-0.012100705097726473,-0.01858281978861625
1214,-0.0211077202016252,0.010982332030277585
1215,-0.008939358768618786,0.0010284367642469105
1216,0.038044744373322927,0.015001542433619081
1217,-0.02179326225034899,0.004222853929789856
1218,-0.016593718777691824,0.024667633103641395
1219,-0.013949685064421112,0.0004621377922810215
1220,0.010181822250193744,-0.004432936197602491
1221,-0.01275808577179786,-0.014416536050800127
1222,0.006144507572720091,0.009127159138241706
1223,0.020736207966547997,-0.00903040288632708
1224,-0.013091472130833755,0.00910649497193137
1225,-0.015480823850328156,0.006069543688223755
1226,-0.023141020990266315,-0.0038103622515004796
1227,0.009761611566871466,0.004683117803041328
1228,-0.002057498869041976,-0.00420726150777007
1229,-0.008225738458023392,-0.0021533067466668406
1230,-0.003832370591468076,-0.016776704916607255
1231,-0.01058709535606577,-0.013811122997964062
1232,0.04826609806258926,0.021161912009381126
1233,-0.010319159005844238,-0.019136591457860005
1234,0.014381170708755997,-0.011531781879317415
1235,0.01390778872866514,0.0007114464596950089
1236,0.014015555650640785,0.010141825293599874
1237,-0.00020543610281137297,-0.0035045348013379384
1238,0.0037809101329793794,-0.019824082480629033
1239,-0.008558226604101002,0.01080170131997031
1240,-0.012715713817208691,-0.0091309634361538
1241,0.012899679194989064,-0.004302724627138028
1242,-0.008831457618958453,-0.008774572311785815
1243,-0.020939539331973164,0.0039086630040093846
1244,-0.005726803020241759,0.004615630787786253
1245,2.681127208470507e-05,0.016167039880256407
1246,-0.00027207678376182665,0.02423920335226735
1247,-0.007387469953411064,0.014763845538595778
1248,-0.024593457713234828,-0.0010860242445065826
1249,0.005284997265264237,-0.028885012745177505
1250,-0.018859519940812735,-0.005955507287046557
1251,0.018992590078267004,0.008353897722351638
1252,-0.008966726265586646,0.009542765618532892
1253,0.0005039344487524647,-0.006331966489136023
1254,0.039123443513711706,0.01220031297325419
1255,-0.013417618046201297,-0.004609674011259775
1256,-0.0004371978562010343,0.01845511293578031
1257,-0.005381246302900398,0.015176263415508776
1258,-0.011485919426850429,-0.01457820794451577
1259,0.01330327397819287,-0.004900327961647212
1260,0.007030569275481474,-0.015733794438841674
1261,-0.012899578971200898,-0.002145074299229281
1262,-0.009594458725787304,-0.014346630665521824
1263,0.0028154304658766114,-0.018917227101736295
1264,-0.016955561778148165,0.012203139837676812
1265,0.013099119025892838,-0.022738182329642736
1266,-0.023271794722334118,0.008452802853086736
1267,-0.00024554521763734836,0.010923489778709366
1268,0.04891955434668897,0.01541823801487903
1269,-0.01600153509752092,0.01506786856021857
1270,0.02098864160419325,-0.00868492337847007
1271,0.0063873556953033496,-0.021141066246408772
1272,0.012889211158473557,-0.013113551788549558
1273,0.00347837325386208,-0.027261053497609704
1274,-0.008286116026357166,0.01295685287765207
1275,0.022979201432425825,-0.011752845924573646
1276,0.041141326571080744,0.018963419879870175
1277,0.05137177878660404,0.013168226887780868
1278,0.0002534485065407569,0.013525910280828482
1279,-0.009456989237018664,0.010340274220658903
1280,-0.01645389213361951,0.023626624780628366
1281,-0.018975042893658867,0.013469498193698332
1282,-0.0005797732228072939,0.013289013037217707
1283,-0.017855801483050625,-0.01133268866421399
1284,0.0009906920233149212,0.021067279175615457
1285,-0.021658477033571096,0.004063359756579302
1286,-0.012868238766998608,-0.012116721079049377
1287,-0.007751006878706433,0.011976053976073391
1288,0.008450374573168957,0.014434783676346319
1289,-0.00585634390931725,-0.008065945185283857
1290,0.016036735823648583,-0.0031105227349384943
1291,0.011938892894550794,0.009782914374733111
1292,-0.01009996101337247,-0.006312163617395249
1293,-0.0014984028715889046,-0.019588704141876544
1294,0.011800844417449665,-0.019347130769513176
1295,0.0028375934129730765,-0.02817734427083572
1296,-0.01957331079352976,-0.006169451603503773
1297,0.00935275432594796,-0.020258217733457727
1298,0.0366788643222663,0.014851574657315746
1299,-0.018751392638448872,0.02126463373095849
1300,0.04770573269046201,0.019300665808009963
1301,-0.008843194182573294,-0.021538333870813366
1302,-0.0027729004578890275,-0.024310133192195115
1303,0.014542798472102414,0.00425537877216084
1304,-0.015118834959043655,-0.011574951255671885
1305,-0.002114177508932934,0.014612603678759795
1306,0.010693093236699903,0.0006331609723722313
1307,-0.017281952859656346,0.021677841679380715
1308,-0.013036696375414403,0.009025843297496516
1309,-0.016671712774725997,-0.01279019059957456
1310,-0.011670606514254498,0.008225163152117125
1311,-0.022330045210012327,-0.008301936506672741
1312,-0.023881699260851954,0.014757062866247637
1313,-0.0006398480766583098,-0.002408987398803489
1314,0.013956841432397366,-0.0016142572721340265
1315,0.017385846940655435,0.0050638431565451615
1316,-0.02449124942992666,-0.0013764984474375164
1317,-0.0018428231637407021,0.016126596669717587
1318,-0.0036879200433678847,0.00043433213152674447
1319,0.005137357952967454,0.011395625854547077
1320,-0.007033259660123955,-0.00411874505788432
1321,-0.012390662777570012,-0.006651111223690853
1322,0.007316677012446138,0.006053059327186706
1323,-0.00998533366002297,-0.013703202534027629
1324,0.0018441001042115086,-0.021599859669820892
1325,0.04437770545701442,0.01652266444219224
1326,0.04556798753080776,0.017910278099201246
1327,-0.008874318900178447,0.008191572920942277
1328,-0.012519855535706855,-0.005388710572067217
1329,0.01321291789194536,-0.007345372323941829
1330,0.044659295770454376,0.013936408996444194
1331,0.004986488738457397,0.0129140524575766
1332,-3.65419504110708e-05,-0.0029289704743677993
1333,0.010267553037517087,-0.020662705992025267
1334,0.002614263231969965,0.012563809796501724
1335,-0.014492409428726784,0.020945500183962018
1336,-0.022113115655755675,0.010160602318112907
1337,-0.023102898505680564,0.020120712394371416
1338,-0.0008100765748610216,0.023525445825102853
1339,0.04724194594336941,0.0033802846290721163
1340,0.01593582979846546,-0.0020233476788378475
1341,0.006401495985775588,-0.018780865055390256
1342,0.01083643581088996,0.009153650947471744
1343,-0.01241373773241773,-0.003773175779240059
1344,-0.01327573914472758,-0.01262710648914868
1345,0.010580962785933616,0.008626986566860303
1346,-0.01647081610769781,0.019786972769759468
1347,-0.015763763976348023,0.0016954969704421642
1348,-0.005504648045233781,-0.009366669223679108
1349,0.0087071345720876,-0.018466851813287243
1350,-0.005565684557683233,-0.02320583947634607
1351,-0.014933621056235554,-2.4651490048100147e-05
1352,-0.005891545398558668,-0.015786734478422944
1353,-0.018628072134685456,0.005635910828139665
1354,0.01145118837002297,-0.0046810209057861416
1355,-0.012707513897926206,-0.0022995632497597343
1356,0.002275513212216738,-0.0026954784659092403
1357,-0.0028340236723217857,-0.020943411351526074
1358,-0.012090215479968993,-0.0192847369065724
1359,0.009537490319761806,-0.02487551232103573
1360,-0.011217804299172135,-0.00017270890679658356
1361,-0.01859364942979651,0.019390773115004815
1362,-0.008820764277063003,0.02071708164214172
1363,0.0031188076503088436,0.00104382567398828
1364,-0.005601815214979776,0.017026833879259892
1365,0.004733477039053188,-0.026557559521890286
1366,-0.018820075624730398,0.0048804060779474535
1367,-0.005939755358285439,-0.020796036836493233
1368,0.011183467476557296,-0.010848024741952053
1369,-0.005826702258414016,0.0055226097851106
1370,-0.015649727896558586,0.01864674475098339
1371,0.0016535774675838725,0.020968572969347548
1372,0.009629824457849696,0.005239899628175839
1373,-0.012836323622646919,-0.012995749200780506
1374,0.016662567872809782,-0.0032353020935012118
1375,-0.012674765054883949,0.003249544782142848
1376,-0.016677315887749237,0.007072155777336483
1377,-0.022296830006594257,0.007967193147540706
1378,-0.0017382506699381423,-0.02334022592553342
1379,-0.004730416073232057,0.00773158880077374
1380,-0.009058736058152429,-0.02121673747607849
1381,-0.004058265143739299,-0.01216760716566848
1382,-0.002876672811494832,-0.01074439155836418
1383,-0.002945131899527222,0.006811946347000007
1384,0.0003270842025119795,-0.0046598980607888635
1385,-0.002435894923497725,0.01926268102486261
1386,0.052866424986213044,0.003200647730585356
1387,-0.021215600802903817,0.0011283615745897486
1388,0.0020848473175448575,0.0141468679335259
1389,0.04522038987430209,0.02022497044664637
1390,-0.011496895534770383,0.007632652400608181
1391,0.05272138560746933,0.01538075985437776
1392,0.017689762913072546,-0.005447304673141691
1393,-0.00517152650747859,-0.01657868972099256
1394,-0.015672043220072086,-0.004861904063366924
1395,0.024402478699691338,-0.008600567187439675
1396,0.0027600746906665035,-0.0029272504468880944
1397,-0.01205100897886159,0.0032047549409958084
1398,0.017380213418391324,-0.004500080097107234
1399,-0.007360851197385148,-0.01998096956282888
1400,-0.022504941394253315,0.006307324950270381
1401,0.012707241083964201,-0.0029441626234123787
1402,-0.009141016338231604,-0.007649723698240978
1403,-0.02053076378945795,0.010233824545053343
1404,-0.017380225785278824,0.02070988372402221
1405,0.01479868784804249,-0.02224280956647214
1406,0.0073660099354448645,-0.02687385381695653
1407,0.0006903245407991461,-0.028866014683019043
1408,0.015008489264907702,-0.006872365046773981
1409,0.04668305255921295,0.0005949175500766485
1410,-0.0017377454142936215,0.006778246588306175
1411,-0.0025301218812698715,-0.009963980480596967
1412,-0.0019607089025933996,0.007649271890055175
1413,-0.02098546631049888,-0.008258072146043011
1414,-0.0017042245519497518,-0.002445492343381845
1415,-0.005923017215719476,0.015130393614141698
1416,-0.016250282974393487,-0.013143471980471543
1417,0.05392665001221921,0.004895921889255507
1418,-0.023064476661789828,0.012323652808474934
1419,0.0011433184493355403,-0.02241168406289159
1420,-0.024721255490122725,0.008417620865130765
1421,-0.008681517256292999,0.010250583937295204
1422,-0.02164853447596979,0.009048894866465899
1423,-0.0026782837540411924,-0.009826695413571488
1424,-0.019615566651168245,0.01935147753392231
1425,0.04559126639712625,0.01206020866088969
1426,-0.02129485283234555,0.0032201486877622334
1427,-0.0059419999187460696,0.001418504323492051
1428,0.009364302764975815,0.010626515902800518
1429,-0.006663275239349046,-0.01145541018817505
1430,-0.0014187738363477004,0.0027090741750180015
1431,-0.007656502028573654,0.00594033905538991
1432,-0.016235317820032152,0.02481463324046699
1433,0.019676321590102325,-0.005058263744756161
1434,-0.018910992468304962,0.01378963272542143
1435,-0.016180320024740513,0.012436173884944036
1436,0.009583451900589172,0.0077315063943471105
1437,-0.013880818179141724,-0.0169773258391328
1438,-0.020402418920282796,-0.0040412076567477185
1439,-0.0025211054948791538,0.015115079759125575
1440,-0.007081079661798934,0.007915984082979766
1441,0.0015316972320786283,-0.01607278607939596
1442,-0.020625956022233657,0.02020319070367992
1443,-0.006124835502907333,0.0010022411500414331
1444,0.050296540758268816,0.0013891396460655207
1445,-0.021188005252692144,-0.009754363923934594
1446,-0.015034781656017954,-0.014560617882519005
1447,-0.006447455788217288,-0.0063800557974565365
1448,-0.009831693517286438,0.012852883820663285
1449,-0.005767394076468073,-0.017365102228989317
1450,-0.007893202177747971,-0.011636986213986603
1451,0.01396914892207379,-0.00753030909538147
1452,-0.02209431028093361,0.010448661507696832
1453,0.007368517539837231,-0.02890495947625319
1454,-0.0018852828371072,-0.012437503548111968
1455,0.04843946749800361,0.020127032556909338
1456,0.006160763849497551,-0.012165414123299327
1457,-0.0035989268873992896,-0.009855877608879533
1458,0.007381303515235035,-0.016904709530119282
1459,-0.002549775515682433,-0.0035012823751089965
1460,-0.01266813823497679,0.012073540269252196
1461,0.05288538715571274,0.01634321399417449
1462,0.04257621386988326,0.020263906094747243
1463,-0.01811453607312033,0.02280827127788876
1464,-0.01765266629537068,0.006142316944537552
1465,0.05682720820313747,0.006742758601283702
1466,0.001135172675544225,-0.0025019839567683813
1467,-0.021569726138456886,0.017874026419717023
1468,0.013765721346436903,-0.001080549983707496
1469,-0.0029243569376508293,-0.016296155480429658
1470,0.04422801375628522,0.012798033758907949
1471,-0.012262113639367604,-0.008121920753827002
1472,-0.02107913670130158,-0.005158252319075265
1473,0.022247083544320416,-0.0112240881549541
1474,-0.02186227160264987,0.023068924796163404
1475,0.0021442883516675543,-0.006363791119852088
1476,-0.0041087433459017185,0.010131489891882204
1477,-0.011883270289632564,0.0035385530654965967
1478,0.015200857849431036,-0.019758109281717656
1479,-0.0011117749722427347,0.024048028629482788
1480,-0.008659647305147141,-0.005562438738571452
1481,0.010442270338676032,0.005843575914437438
1482,0.006726854361610986,0.006817977379664745
1483,-0.0006845304121601207,-0.020630211004497828
1484,0.015224552960319578,-0.02376383369752841
1485,-0.018534550888939162,-0.0034516373420950797
1486,-0.02525110807609988,0.017618439786388156
1487,-0.014344296142806232,-0.009498263399627118
1488,-0.006949710111123787,-0.0159874118398346
1489,0.04195063351701968,0.020080154049132437
1490,0.015742990527141155,-0.002978937242135616
1491,-0.012039336987351117,0.010625150839061195
1492,0.015050048139901856,-0.006362826111062417
1493,-0.015765630483421524,-0.0006789625959215523
1494,0.02105638597648094,-0.005359059224027852
1495,-0.0017773284062376708,-0.005033263717517251
1496,0.004190713660713286,-0.004399785512050641
1497,0.018877072582467617,-0.01344785613879323
1498,-0.010060164802971337,-0.00527343286105949
1499,-0.005553748886086133,0.015583362177877664
1500,-0.016363779945093596,0.02317089840609327
1501,-0.01795605978453747,0.02034948688889
1502,-0.005240481501237061,0.01749196210440843
1503,0.008627172184467215,-0.018293119711377565
1504,0.001443507013411012,-0.0033169449164536144
1505,0.001895277294024405,-0.020194892106287617
1506,0.05122373832568608,0.01792783300790883
1507,0.01321856021094793,-0.001137935087523466
1508,-0.022032582146280306,-0.007541755380412609
1509,0.0016833513116266015,-0.010587401668056495
1510,-0.021234003191522008,-0.009266022306621255
1511,-0.020491423335037364,-0.007427373972421973
1512,-0.00899571479076859,0.0027584309575166424
1513,0.051391632964495594,0.015874794746199624
1514,0.017113655435243846,-0.001501574532072091
1515,0.020540028394119822,-0.003280924680545131
1516,-0.012584169620918653,-0.0038158568048191404
1517,0.02033317662262095,-0.0009411743972667257
1518,0.051219422947071803,0.0177607319879538
1519,0.01322588770641664,-0.016140104957400106
1520,-0.005638818715387835,0.004360849598495711
1521,-0.011170983071870049,0.005949355323934066
1522,-0.020682363105985313,0.005681099137763209
1523,0.0035503968089823316,-0.008593733762957674
1524,-0.006037288355076951,0.014917466310886468
1525,-0.007592877522739341,-0.0046360139065764056
1526,0.007328191081791788,-0.0254904017356098
1527,-0.005498705408550743,-0.012765878964842832
1528,0.04447184402889666,0.02074279556103274
1529,-0.012482015706638701,0.002011313895809956
1530,0.0003034961132831194,-0.02741677784879154
1531,0.01696280810853291,-0.015079544984600448
1532,-0.023628274467212596,0.008695286515054143
1533,0.0001358581523199563,0.0027916159679132768
1534,0.05444095310113045,0.012484641120010086
1535,0.007877233098673709,0.010671412546834515
1536,0.00446203995592292,-0.02344466595069342
1537,0.00044482137537959067,-0.01282291444358737
1538,-0.021727750695144585,0.01649772506321608
1539,0.010909220003054047,-0.016546978996271236
1540,-0.013692137232276145,0.0019924661507692595
1541,0.006455197660279297,-0.01848335182856829
1542,-0.0012667445323147097,0.011605379963490859
1543,0.008835762043357905,0.015342803991576127
1544,-0.0068069228913369695,-0.020604713913417193
1545,-0.00672762191873687,0.004288396820885578
1546,-0.01667373876443641,-0.0006728082791037713
1547,-0.007244775662921462,-0.010445814565929384
1548,-0.0038526309219459997,0.02294834690387999
1549,0.0012225494505560038,0.014015153798878877
1550,0.006743325473788783,-0.016859412508143167
1551,-0.019990944634691775,0.014130405167351338
1552,-0.021493700045479076,-0.0051341411178269115
1553,-0.011118795266002525,-0.010408816083682831
1554,0.011207277486366763,0.003230131029358571
1555,-0.00408761828750119,0.004301942904349679
1556,-0.006625223861449265,-0.002632848660579336
1557,-0.022510396216409302,0.006630781588444289
1558,0.0031740609131340083,-0.0191671116327844
1559,-0.008831137470012164,0.011115117446725154
1560,-0.0233196544659844,0.0074392869701286205
1561,-0.010212432240068112,0.0100524814733271
1562,0.023644260132829577,-0.010979484107293718
1563,-0.016394666731198767,0.006566028817567761
1564,0.0018596230830546926,-0.0035556200247878356
1565,0.05726640915359473,0.007289862765150284
1566,0.004217432686122298,-0.012671286492158046
1567,-0.016529807600406607,0.015579113088413223
1568,0.008741197728842935,-0.02190135380893893
1569,-0.024147357951191075,0.01445243004264419
1570,0.0064197213873866295,0.005400296264244425
1571,-0.022047107128409318,-0.0092431492210512
1572,-0.019647534270372077,-0.003444236864377252
1573,-0.011346437229219672,-0.014248165508523002
1574,-0.025826307760975394,0.016493851898682316
1575,-0.02044995614875628,0.003433449119986151
1576,-0.005761869424980774,0.005533914653901874
1577,0.045448802727077686,0.01642582244826897
1578,-0.017441594079322966,-0.0043865315403680116
1579,0.003196007031722723,-0.005397600221516418
1580,-0.012706316099028983,-0.014623054475661106
1581,0.01475430692560484,0.0047216217188121475
1582,-0.025784623468481916,0.01673051064504229
1583,-0.016030565173215938,0.020801536089951875
1584,0.014082957322886119,-0.0026991029411821336
1585,0.018655998318641696,-0.00850752323588052
1586,-0.003482474204647787,0.010469184638085523
1587,-0.00548082754382577,-0.013274393840174226
1588,0.01957784900658424,-0.0031172827487577987
1589,-0.018606794472225,0.01836221956077756
1590,-0.009126333197344506,0.00813379223288847
1591,0.005423593300378644,0.008843428866865644
1592,-0.01375558190389932,-0.004929557164888529
1593,-0.012459478927184757,-0.009873310999043873
1594,-0.0007523578644501413,0.024240762433635935
1595,0.015873233528191845,-0.022069370228740087
1596,0.013206517716890673,-0.008097111727191122
1597,0.022440279339170567,-0.006624624910488879
1598,0.004879160144983248,-0.024719842440134757
1599,-0.01436951008723664,-0.007313385069187524
1600,0.05635397963014862,0.013377863235674357
1601,-0.009768448424315316,0.00904931075434716
1602,-0.022239613498775818,0.010396492893348562
1603,-0.006196499890745347,-0.00991676030384949
1604,0.006525870922043997,-0.019831698434747427
1605,-0.004164090337627386,0.016888204384589555
1606,-0.022611526746880075,0.010558694981542435
1607,0.007562592368189579,0.012365482040946778
1608,0.0008374342876180092,0.01265495781843332
1609,0.041353438371280055,0.01914687020315931
1610,0.015101273582889199,-0.0215833723041986
1611,0.004763523601579135,-0.018506242443740033
1612,-0.009726619164344242,-0.016371454475236625
1613,-0.017658957827282912,0.02183960870084647
1614,-0.010583575792042025,0.01082315265810462
1615,-0.024641905999351513,0.005472295801919912
1616,0.008265430076796615,-0.025332118940523788
1617,-0.014132192484390842,0.004874809446437737
1618,-0.01970733952952706,-0.0011450265995634667
1619,-0.006787697963477628,0.005572032281745036
1620,-0.025058323721863462,0.013865806612990804
1621,0.014099636966982928,-0.02000992923682983
1622,-0.021790710271961198,0.01748198523864851
1623,-0.008219294264612006,0.0016520902235163057
1624,-0.021938176720418517,0.008027629593116228
1625,-0.013611863266683975,0.01161832456844226
1626,-0.01823398228178711,0.0017343850213032445
1627,0.0030771253026400393,-0.026721751091539056
1628,-0.003605896613593358,0.006766394339720572
1629,-0.00862129392209071,0.008166041352506762
1630,0.016088823619421905,-0.019214386269707135
1631,-0.009669838024394887,0.0032128226266288024
1632,-0.006137343896155605,0.022033529033328222
1633,-0.025891676837295857,0.015200693765461305
1634,-0.000786655462391691,-0.027577974055970587
1635,-0.020126968522825424,0.0038393615946747056
1636,-0.006683175701091812,0.002936510775343556
1637,0.005431017101699961,-0.01251278605845782
1638,0.009019930518251456,-0.00034794665973279776
1639,0.04478198841294408,-0.0008844680437649561
1640,0.004519823914534047,-0.009014287931131598
1641,0.01336787788530058,0.00829744205311487
1642,0.014600944889320509,-0.0014817063909966714
1643,-0.0011201862258975236,-0.015151890513735127
1644,0.009366130818026102,-0.01871405342080235
1645,0.005845321791357695,-0.005200358013344784
1646,-0.010286029841301893,0.000262604185252687
1647,-0.0073808308412782915,-0.014523829107367912
1648,-0.0009521107395292067,0.01174336046724926
1649,-0.02259960057730673,0.0007428465398385676
1650,-0.014021445650613194,0.010005843235412603
1651,-0.011943825498477218,0.006956342531176477
1652,-0.019419755324747708,-0.0013933907621862778
1653,0.013131311346666414,-0.022885953855921667
1654,-0.004850226890993083,0.016974582364861997
1655,0.01860955699333345,-0.0027599711178634976
1656,-0.013501617276727522,0.011723314597176557
1657,-0.0023258992937477594,-0.0032790982329892427
1658,-0.00534013755036386,-0.005758364817665869
1659,-0.020355232496361272,0.024776934307129215
1660,-0.003364540221307548,-0.021538233855901097
1661,0.0154372346314954,0.00445448450660138
1662,0.012810285157370597,-0.025271068195974335
1663,0.01909415332334337,-0.008095349047880564
1664,0.05494734397908026,0.01627883193370312
1665,0.0036534500830998607,0.011670562684054416
1666,0.0005164912015104905,0.005138080446145926
1667,-0.0043620013934750936,-0.0035848801956216395
1668,-0.004869025800794116,-0.00419358737748284
1669,-0.005898227175886077,0.01838670865797772
1670,-0.014877653308129355,-0.012357918381467754
1671,-0.01932943036168347,-0.0028561148432580574
1672,0.002974917004560661,-0.02278062920637546
1673,0.005655687066759873,-0.010841377426393609
1674,-0.019881297496204597,0.025623804040158935
1675,0.05069205831336436,0.017986291273456252
1676,-0.011941485554948495,0.0049906945528649365
1677,-0.007028760439812585,-0.01196258163516451
1678,-0.0014284204484253586,-0.0032320515519821107
1679,0.030423462047119963,0.011901037698879825
1680,-0.02461702360036807,0.014509159238950206
1681,-0.0017083619299747578,-0.01642224054920466
1682,0.0013991928934048218,0.009295388743673643
1683,-0.020944914353543943,-0.0015276633595246551
1684,-0.0041918708554680734,-0.009771266697298782
1685,-0.0006753649111487491,0.02402092845728246
1686,-0.006636397633475646,-0.021836296825145506
1687,-0.017227272338148282,0.0067235775985332044
1688,0.00736193483421944,0.017597821200759853
1689,-0.0035171909172814256,0.015732019586932395
1690,-0.0245652793945252,0.0037986428272906115
1691,-0.0019593065588188662,-0.004166663157905405
1692,-0.005465758733927428,-0.01756930618313895
1693,-0.01362644054564797,0.021378408517173576
1694,0.03193239581481539,0.012515427744307053
1695,-0.004341910791783737,-0.00522194879647446
1696,-0.010187299598947482,0.008908047205581224
1697,-0.015914490486557853,-0.00518162804370718
1698,-0.011695310320868917,-0.013140711672278574
1699,0.003070585460506728,0.010775852054626046
1700,-0.014231327543284062,0.021485944441522596
1701,-0.006994158281693135,0.005998801461909729
1702,-0.024641975449051758,0.018248553522011383
1703,-0.012386614985264471,-0.009395863209829589
1704,-0.005832151914618508,0.020678506677822082
1705,0.012783154955523079,-0.026768840859321325
1706,-0.011174050789893109,0.017604687730756838
1707,0.011017778823534233,0.0029182366151057127
1708,-0.0050051768024838555,0.0007474910666846643
1709,-0.014844533240492059,-0.009641139317970901
1710,0.019426842362490444,-0.012486473978700837
1711,0.0022952283509351953,0.0048085199440890646
1712,-0.019920947728738054,0.017622627349934993
1713,-0.011921532661544278,-0.013138640710381965
1714,-0.02349887492641183,0.0025033840562150565
1715,-0.017239349704736586,0.011874453076766633
1716,-0.01834635045353087,0.01332719049453989
1717,-0.015276925152816452,0.004226813372628849
1718,-0.008070157845397222,0.016409452955729643
1719,0.009157092408544341,0.0009736352492400167
1720,0.004370968127335937,-0.014078160175585665
1721,0.0013986457897531548,-0.0040511001966245875
1722,-0.016818811760190178,0.0201243186138198
1723,-0.013786362811970371,0.02209221599757707
1724,-0.010559060950509623,0.0061782901423767045
1725,-0.014974300819112631,-0.005065220760134603
1726,-0.003964962037449479,-0.012140027191194669
1727,2.0610929303240094e-05,0.020008711218805098
1728,0.014404717803665038,-0.013987930126800979
1729,0.05047732810042564,0.00185196119619664
1730,-0.01985313372350098,-0.005262863624064262
1731,-0.011790121340046597,-0.0021987185583713306
1732,-0.01554480711663281,0.01830026808683784
1733,-0.018531163155283296,0.01862357587253344
1734,-0.020733409170114365,-0.0038374684969616876
1735,-0.0024049304361239638,-0.02229869534728461
1736,-0.017743100755683774,0.0032805571947163476
1737,-0.013843741450376186,0.016027541273524407
1738,-0.01207211684895654,-0.005740221887978618
1739,0.05713884080185848,0.006468338491888677
1740,-0.0013102186818768147,-0.005173467641862695
1741,-0.020480453484776485,0.0008064194315581552
1742,0.006874706660343738,-0.018031228584090526
1743,-0.005948169119024506,0.0024815152100744176
1744,-0.009935130245593856,-0.0018057719583906375
1745,0.002046191372722304,0.018867899626167615
1746,-0.007748912696239381,-0.012108306033952113
1747,0.019177341990557064,-0.008535895500319201
1748,-0.00847394974889805,0.010062072070431085
1749,-0.013626736904702315,-0.0011722123202642608
1750,-0.021458285255718537,-0.0013580456558210934
1751,0.0030286435310958515,0.012975977239911576
1752,-0.016199840637192178,0.011147015820311322
1753,-0.014868259957188679,0.010103419417373773
1754,0.0006503467077221545,0.005475437278700835
1755,-0.00996844691157406,0.01705389566057365
1756,-0.013108047231531778,0.020219173694082593
1757,-0.012448228238936905,0.018564385356009138
1758,-0.019284277501146484,-0.0003981223754871487
1759,-0.0011051135800524926,0.011659901790109417
1760,-0.017857077890901227,0.02167830431883958
1761,0.011496770068047057,-0.020564734409531396
